{
    "loss": 0.15516479313373566,
    "accuracy": 0.9408983588218689,
    "precision": 0.9674578905105591,
    "recall": 0.9475065469741821,
    "f1": 0.9573782580935216,
    "roc_auc": 0.9364725351333618
}